modRxBuffer,bufferCopy,,,modRxBufferIdx,48
31,31,TRUE,,bufferInitialIdx,40
31,31,TRUE,,,
22,22,TRUE,,,
14,14,TRUE,,,
14,14,TRUE,,,
15,15,TRUE,,,
23,23,TRUE,,,
31,31,TRUE,,,
31,31,TRUE,,,
31,31,TRUE,,,
11,11,TRUE,,,
14,14,TRUE,,,
15,15,TRUE,,,
15,15,TRUE,,,
31,31,TRUE,,,
31,31,TRUE,,,
31,31,TRUE,,,
31,31,TRUE,,,
12,12,TRUE,,,
14,14,TRUE,,,
15,15,TRUE,,,
15,15,TRUE,,,
31,31,TRUE,,,
31,31,TRUE,,,
31,31,TRUE,,,
23,23,TRUE,,,
14,14,TRUE,,,
15,15,TRUE,,,
15,15,TRUE,,,
24,24,TRUE,,,
31,31,TRUE,,,
31,31,TRUE,,,
31,31,TRUE,,,
11,11,TRUE,,,
14,14,TRUE,,,
15,15,TRUE,,,
14,14,TRUE,,,
31,31,TRUE,,,
31,31,TRUE,,,
31,31,TRUE,,,
31,31,TRUE,,,
12,31,FALSE,,,
14,31,FALSE,,,
15,31,FALSE,,,
15,12,FALSE,,,
31,14,FALSE,,,
31,15,FALSE,,,
31,14,FALSE,,,
31,31,TRUE,,,
31,31,TRUE,,,
31,31,TRUE,,,
23,23,TRUE,,,
14,14,TRUE,,,
15,15,TRUE,,,
15,15,TRUE,,,
19,19,TRUE,,,
31,31,TRUE,,,
31,31,TRUE,,,
31,31,TRUE,,,
11,11,TRUE,,,
14,14,TRUE,,,
15,15,TRUE,,,
15,15,TRUE,,,
31,31,TRUE,,,
31,31,TRUE,,,
31,31,TRUE,,,
31,31,TRUE,,,
12,12,TRUE,,,
15,15,TRUE,,,
15,15,TRUE,,,
15,15,TRUE,,,
31,31,TRUE,,,
31,31,TRUE,,,
31,31,TRUE,,,
23,23,TRUE,,,
14,14,TRUE,,,
14,14,TRUE,,,
15,15,TRUE,,,
23,23,TRUE,,,
31,31,TRUE,,,
31,31,TRUE,,,
31,31,TRUE,,,
11,11,TRUE,,,
14,14,TRUE,,,
15,15,TRUE,,,
15,15,TRUE,,,
31,31,TRUE,,,
31,31,TRUE,,,
31,31,TRUE,,,
31,31,TRUE,,,
12,12,TRUE,,,
15,15,TRUE,,,
14,14,TRUE,,,
15,15,TRUE,,,
31,31,TRUE,,,
31,31,TRUE,,,
31,31,TRUE,,,
23,23,TRUE,,,
14,14,TRUE,,,
15,15,TRUE,,,
15,15,TRUE,,,
24,24,TRUE,,,
31,31,TRUE,,,
31,31,TRUE,,,
31,31,TRUE,,,
11,11,TRUE,,,
15,15,TRUE,,,
15,15,TRUE,,,
15,15,TRUE,,,
31,31,TRUE,,,
31,31,TRUE,,,
31,31,TRUE,,,
31,31,TRUE,,,
12,12,TRUE,,,
14,14,TRUE,,,
15,15,TRUE,,,
15,15,TRUE,,,
31,31,TRUE,,,
31,31,TRUE,,,
31,31,TRUE,,,
23,23,TRUE,,,
14,14,TRUE,,,
14,14,TRUE,,,
15,15,TRUE,,,
23,23,TRUE,,,
31,31,TRUE,,,
31,31,TRUE,,,
31,31,TRUE,,,
11,11,TRUE,,,
15,15,TRUE,,,
15,15,TRUE,,,
15,15,TRUE,,,
31,31,TRUE,,,
31,31,TRUE,,,
31,31,TRUE,,,
31,31,TRUE,,,
12,12,TRUE,,,
15,15,TRUE,,,
15,15,TRUE,,,
14,14,TRUE,,,
31,31,TRUE,,,
31,31,TRUE,,,
31,31,TRUE,,,
22,22,TRUE,,,
13,13,TRUE,,,
15,15,TRUE,,,
15,15,TRUE,,,
24,24,TRUE,,,
31,31,TRUE,,,
31,31,TRUE,,,
31,31,TRUE,,,
11,11,TRUE,,,
14,14,TRUE,,,
15,15,TRUE,,,
15,15,TRUE,,,
31,31,TRUE,,,
31,31,TRUE,,,
31,31,TRUE,,,
31,31,TRUE,,,
11,11,TRUE,,,
15,15,TRUE,,,
15,15,TRUE,,,
15,15,TRUE,,,
31,31,TRUE,,,
31,31,TRUE,,,
31,31,TRUE,,,
23,23,TRUE,,,
14,14,TRUE,,,
14,14,TRUE,,,
15,15,TRUE,,,
24,24,TRUE,,,
31,31,TRUE,,,
31,31,TRUE,,,
31,31,TRUE,,,
11,11,TRUE,,,
14,14,TRUE,,,
15,15,TRUE,,,
15,15,TRUE,,,
31,31,TRUE,,,
31,31,TRUE,,,
31,31,TRUE,,,
31,31,TRUE,,,
12,12,TRUE,,,
14,14,TRUE,,,
14,14,TRUE,,,
15,15,TRUE,,,
31,31,TRUE,,,
31,31,TRUE,,,
31,31,TRUE,,,
31,31,TRUE,,,
12,12,TRUE,,,
15,15,TRUE,,,
14,14,TRUE,,,
25,25,TRUE,,,
31,31,TRUE,,,
31,31,TRUE,,,
31,31,TRUE,,,
12,12,TRUE,,,
15,15,TRUE,,,
14,14,TRUE,,,
15,15,TRUE,,,
31,31,TRUE,,,
31,31,TRUE,,,
31,31,TRUE,,,
31,31,TRUE,,,
12,12,TRUE,,,
14,14,TRUE,,,
15,15,TRUE,,,
15,15,TRUE,,,
31,31,TRUE,,,
31,31,TRUE,,,
31,31,TRUE,,,
22,22,TRUE,,,
14,14,TRUE,,,
14,14,TRUE,,,
15,15,TRUE,,,
23,23,TRUE,,,
31,31,TRUE,,,
31,31,TRUE,,,
31,31,TRUE,,,
11,11,TRUE,,,
15,15,TRUE,,,
15,15,TRUE,,,
14,14,TRUE,,,
31,31,TRUE,,,
31,31,TRUE,,,
31,31,TRUE,,,
31,31,TRUE,,,
12,12,TRUE,,,
14,14,TRUE,,,
14,14,TRUE,,,
15,15,TRUE,,,
31,31,TRUE,,,
31,31,TRUE,,,
31,31,TRUE,,,
23,23,TRUE,,,
13,13,TRUE,,,
15,15,TRUE,,,
15,15,TRUE,,,
19,19,TRUE,,,
31,31,TRUE,,,
31,31,TRUE,,,
31,31,TRUE,,,
11,11,TRUE,,,
15,15,TRUE,,,
15,15,TRUE,,,
15,15,TRUE,,,
31,31,TRUE,,,
31,31,TRUE,,,
31,31,TRUE,,,
31,31,TRUE,,,
12,12,TRUE,,,
14,14,TRUE,,,
15,15,TRUE,,,
14,14,TRUE,,,
31,31,TRUE,,,
